client_id	path	sentence_id	sentence	sentence_domain	up_votes	down_votes	age	gender	accents	variant	locale	segment
84c5f2bc1ae04bb73a180aefb7138048c289abe3fec7b17bc8a496c4d8f8c4919e68dac7a6720c2fa7d9f296b4f04052c659c20be8af56852c77b85fbc3c75da	common_voice_ba_43228165.mp3	1285c398732c8528910378c6609626f3e7f968118f13cfb9bd35f67ed25f9e01	Хәкимә инә.		1	1					ba	
84c5f2bc1ae04bb73a180aefb7138048c289abe3fec7b17bc8a496c4d8f8c4919e68dac7a6720c2fa7d9f296b4f04052c659c20be8af56852c77b85fbc3c75da	common_voice_ba_43228173.mp3	1508362b75eb32d68f5ca12ad700b09c832ee832001518849bd0b8ed7f247e2f	Франциялағы ҡала.		1	1					ba	
00214a243f1e5658b47021c6d89c0de3182f77323ce7836c18de2a9e11cd896c237d6c4cf96400ca04d5649f655de15e37cfb7b7a41b13b0afcaf67fe6df5654	common_voice_ba_43305502.mp3	15f1ec4e579a276bd2d4cf7f219063c7d91819dbd023a4943569ef84792497b9	Унан бигерәк, Фредтың директор менән бәхәскә инеп китеүенән ҡурҡып, шулай һөйләшеүгә һыу өҫтәйем.		1	0	thirties				ba	
00214a243f1e5658b47021c6d89c0de3182f77323ce7836c18de2a9e11cd896c237d6c4cf96400ca04d5649f655de15e37cfb7b7a41b13b0afcaf67fe6df5654	common_voice_ba_43305504.mp3	165573a150336b5de4a1209ed3f970cae2c2a35f70b14c3d9f6fb19854bf57f1	Ана, ошоларҙың барыһына ла исем бирҙем!		1	0	thirties				ba	
00214a243f1e5658b47021c6d89c0de3182f77323ce7836c18de2a9e11cd896c237d6c4cf96400ca04d5649f655de15e37cfb7b7a41b13b0afcaf67fe6df5654	common_voice_ba_43305538.mp3	14b5fbe3a1d94e0971244abb55a60a9283092efa6b791852fc841b079bbfd032	Быны башҡа илдәрҙең миҫалы ла иҫбатлай.		1	0	thirties				ba	
00214a243f1e5658b47021c6d89c0de3182f77323ce7836c18de2a9e11cd896c237d6c4cf96400ca04d5649f655de15e37cfb7b7a41b13b0afcaf67fe6df5654	common_voice_ba_43305539.mp3	15d51be9020e5d3bb0f00cfab43e7ceec21f244d5fbe1a95047f3fa820069726	Был юлдарҙың авторы — күренекле әҙибә Гөлнур Яҡупова.		1	0	thirties				ba	
00214a243f1e5658b47021c6d89c0de3182f77323ce7836c18de2a9e11cd896c237d6c4cf96400ca04d5649f655de15e37cfb7b7a41b13b0afcaf67fe6df5654	common_voice_ba_43305540.mp3	148b7071b08599a2b0ec0888221be71ba2c7c875f990fed3f47759254ecb0361	Һин мине маңҡа тип төкөрмәй тор әле, мин Сулаҡ түгел.		1	0	thirties				ba	
00214a243f1e5658b47021c6d89c0de3182f77323ce7836c18de2a9e11cd896c237d6c4cf96400ca04d5649f655de15e37cfb7b7a41b13b0afcaf67fe6df5654	common_voice_ba_43305541.mp3	41a87f467d82c3b51ada49888d4d8022200054323ab9fef13579eff55de45f47	Иртәгә сығаңмы?		1	0	thirties				ba	
00214a243f1e5658b47021c6d89c0de3182f77323ce7836c18de2a9e11cd896c237d6c4cf96400ca04d5649f655de15e37cfb7b7a41b13b0afcaf67fe6df5654	common_voice_ba_43387842.mp3	138f7de5fc566b44ef129173413244a763969621daab91449b530b7f01835641	Николас Мадуроға маршрутын үҙгәртергә тура килә.		1	0	thirties				ba	
00214a243f1e5658b47021c6d89c0de3182f77323ce7836c18de2a9e11cd896c237d6c4cf96400ca04d5649f655de15e37cfb7b7a41b13b0afcaf67fe6df5654	common_voice_ba_43387844.mp3	164d43d51147a54893816c732fc9b0b532af164714df0737f6e8e6d314197602	Ә инде диңгеҙгә сыҡҡас күргәндәрем бөтә пландарымды селпәрәмә килтерҙе.		1	1	thirties				ba	
00214a243f1e5658b47021c6d89c0de3182f77323ce7836c18de2a9e11cd896c237d6c4cf96400ca04d5649f655de15e37cfb7b7a41b13b0afcaf67fe6df5654	common_voice_ba_43387845.mp3	15e297e293f286674e4bb6b1a314912d466f8a19057b94779f8b0eb777fe2d71	Исмаһам, һин бәйләнмә!		1	0	thirties				ba	
00214a243f1e5658b47021c6d89c0de3182f77323ce7836c18de2a9e11cd896c237d6c4cf96400ca04d5649f655de15e37cfb7b7a41b13b0afcaf67fe6df5654	common_voice_ba_43387846.mp3	166d47e0ca9922d3c90c8041070956847da923be048be1b00d0ec72447b2facb	Скульпторҙы таптым инде.		1	0	thirties				ba	
00214a243f1e5658b47021c6d89c0de3182f77323ce7836c18de2a9e11cd896c237d6c4cf96400ca04d5649f655de15e37cfb7b7a41b13b0afcaf67fe6df5654	common_voice_ba_43387847.mp3	16f3fa694c9d1129f310e2573aa79bff1c90f85fac7e3ada5ea1011044c1ab99	Ярай, шуның өсөн генә.		1	0	thirties				ba	
00214a243f1e5658b47021c6d89c0de3182f77323ce7836c18de2a9e11cd896c237d6c4cf96400ca04d5649f655de15e37cfb7b7a41b13b0afcaf67fe6df5654	common_voice_ba_43387848.mp3	15fde68bde0755deaa1bbdfeaf00b6129e15f1e1a662b870e00c5e9ee98f04b1	Ә яралы кеше бер ҡолдоң ҡулына ҡоланы.		0	1	thirties				ba	
00214a243f1e5658b47021c6d89c0de3182f77323ce7836c18de2a9e11cd896c237d6c4cf96400ca04d5649f655de15e37cfb7b7a41b13b0afcaf67fe6df5654	common_voice_ba_43387849.mp3	116004a7bfa16ae331e77b93701018b8c78b4dc8f9546fdceacbf33f5a868a74	Тирә-яҡта уны уңған, тырыш, бик тә сабыр холоҡло кеше тип беләләр.		1	0	thirties				ba	
00214a243f1e5658b47021c6d89c0de3182f77323ce7836c18de2a9e11cd896c237d6c4cf96400ca04d5649f655de15e37cfb7b7a41b13b0afcaf67fe6df5654	common_voice_ba_43387850.mp3	1646fe35dbe698358cafa93773b563fd6fb6992e11431a041f0b97947712ad6b	Йәшәү мәғәнәһе Кавказда ял итеп ята инем.		1	0	thirties				ba	
00214a243f1e5658b47021c6d89c0de3182f77323ce7836c18de2a9e11cd896c237d6c4cf96400ca04d5649f655de15e37cfb7b7a41b13b0afcaf67fe6df5654	common_voice_ba_43387851.mp3	60ed04ae72d02f5d7acc538000a9f87ab208a0e88618dea0ab1b04a5496c8ff0	Сәй эскәс сығам.		1	0	thirties				ba	
fa0fdeecf1c5328233b72216b19acdc320aa056bffde926412f6b15a3ad7d146bb2b066acc6a8b4d77a6ec76dc3513069af4a4e2d86a4bd2c8c54fda63c5cf3f	common_voice_ba_43397420.mp3	1715512f71ace4ec1eab27b01d4033dc31978ec145672e97dd18f65007aa91b2	Яманат бер ҡағылһа, унан ҡотолоу еңел түгел шул.		0	0					ba	
fa0fdeecf1c5328233b72216b19acdc320aa056bffde926412f6b15a3ad7d146bb2b066acc6a8b4d77a6ec76dc3513069af4a4e2d86a4bd2c8c54fda63c5cf3f	common_voice_ba_43397421.mp3	172db2a623e1d8d429036f1fdc92f2cf1bebc7f27a7f426b29400c0d59b10e1e	Ат, имеш!..		1	0					ba	
fa0fdeecf1c5328233b72216b19acdc320aa056bffde926412f6b15a3ad7d146bb2b066acc6a8b4d77a6ec76dc3513069af4a4e2d86a4bd2c8c54fda63c5cf3f	common_voice_ba_43397422.mp3	10f93a10ff55dc18849048b3f336e2081fd1d4a6e66b84c137135db044cc392b	Эй, егет юҡ епте урарға тотонмаһынмы!		1	0					ba	
fa0fdeecf1c5328233b72216b19acdc320aa056bffde926412f6b15a3ad7d146bb2b066acc6a8b4d77a6ec76dc3513069af4a4e2d86a4bd2c8c54fda63c5cf3f	common_voice_ba_43397423.mp3	1726aa06454bae974d9e5f5ead237a6c69086d81cfe04d6f6f35336b0d5fbb16	Бына һиңә ер, бер аршин ер.		0	0					ba	
fa0fdeecf1c5328233b72216b19acdc320aa056bffde926412f6b15a3ad7d146bb2b066acc6a8b4d77a6ec76dc3513069af4a4e2d86a4bd2c8c54fda63c5cf3f	common_voice_ba_43397424.mp3	15ec79371ee6c9206cf99ec3e1fd80ae4f18a3214ec81b98293ee6b6e72a0504	Уң ҡулына ҡыҫып, акулаларҙың яҡынайғанын көттө.		1	0					ba	
fa0fdeecf1c5328233b72216b19acdc320aa056bffde926412f6b15a3ad7d146bb2b066acc6a8b4d77a6ec76dc3513069af4a4e2d86a4bd2c8c54fda63c5cf3f	common_voice_ba_43397461.mp3	145ed47862a0d336d4e6c044aa563828c3d5f0d6d3890f0866452c4235ae5223	— Ен кеүек тегенең ҡулынан тотоп алды ла елтерәтә башланы.		0	0					ba	
fa0fdeecf1c5328233b72216b19acdc320aa056bffde926412f6b15a3ad7d146bb2b066acc6a8b4d77a6ec76dc3513069af4a4e2d86a4bd2c8c54fda63c5cf3f	common_voice_ba_43397462.mp3	16d66157f56c4982808020a03df3b51b189260c8c611d60b545333a17afe400f	Ире Сәләм Сәғәҙиев менән ике бала тәрбиәләнеләр.		1	0					ba	
fa0fdeecf1c5328233b72216b19acdc320aa056bffde926412f6b15a3ad7d146bb2b066acc6a8b4d77a6ec76dc3513069af4a4e2d86a4bd2c8c54fda63c5cf3f	common_voice_ba_43397463.mp3	15f93faf52752cbf352f142af77c5d9b64d704dcd7b68a3f1b4fc8196e5c1123	Япһындар!		0	0					ba	
fa0fdeecf1c5328233b72216b19acdc320aa056bffde926412f6b15a3ad7d146bb2b066acc6a8b4d77a6ec76dc3513069af4a4e2d86a4bd2c8c54fda63c5cf3f	common_voice_ba_43397464.mp3	12a3ea31bd5d8ab4c37ff6a966d08c63adbf07d3d06cb1fe964c92e66f756221	Кил бында!		0	0					ba	
fa0fdeecf1c5328233b72216b19acdc320aa056bffde926412f6b15a3ad7d146bb2b066acc6a8b4d77a6ec76dc3513069af4a4e2d86a4bd2c8c54fda63c5cf3f	common_voice_ba_43397470.mp3	15d2dd7647f948f9391fb6074ad45b43086ea2639df2bc65df6e1f2708ddb08f	— Әлегеләй иҫемдә, һәр береһе менән һөйләшә инем.		1	0					ba	
fa0fdeecf1c5328233b72216b19acdc320aa056bffde926412f6b15a3ad7d146bb2b066acc6a8b4d77a6ec76dc3513069af4a4e2d86a4bd2c8c54fda63c5cf3f	common_voice_ba_43397471.mp3	128e5ed9c4cedca07b908290068fce65ccd30d624708f62c90fd0be754574749	Беҙҙә театр артистары көслө.		1	0					ba	
fa0fdeecf1c5328233b72216b19acdc320aa056bffde926412f6b15a3ad7d146bb2b066acc6a8b4d77a6ec76dc3513069af4a4e2d86a4bd2c8c54fda63c5cf3f	common_voice_ba_43397473.mp3	16e94a209f53b990ef31ee9c4e8a85dc42dbff3967e0adc780b9055aeee80827	Мәстүрә Әмиргә ымлай: йәнәһе, эргәһенә бар.		1	0					ba	
fa0fdeecf1c5328233b72216b19acdc320aa056bffde926412f6b15a3ad7d146bb2b066acc6a8b4d77a6ec76dc3513069af4a4e2d86a4bd2c8c54fda63c5cf3f	common_voice_ba_43397474.mp3	12f62ca66edd223e7a72fd0b05679a1f04ca1340ee7b12231396f8e32352e864	Әлбиттә, бер ҡайҙа ла идеаль күренеш юҡ, ниндәй ҙә булһа етешһеҙлек бар.		0	0					ba	
fa0fdeecf1c5328233b72216b19acdc320aa056bffde926412f6b15a3ad7d146bb2b066acc6a8b4d77a6ec76dc3513069af4a4e2d86a4bd2c8c54fda63c5cf3f	common_voice_ba_43397475.mp3	16e4c416fb731f58c181a2db3dd04cd0b57a9edfd33e3b86274823e68deb8497	Мин бөтә белгәнемде шунда уҡ әсәйемә һөйләп бирҙем.		1	0					ba	
fa0fdeecf1c5328233b72216b19acdc320aa056bffde926412f6b15a3ad7d146bb2b066acc6a8b4d77a6ec76dc3513069af4a4e2d86a4bd2c8c54fda63c5cf3f	common_voice_ba_43397476.mp3	172c22f352a70fe26762152a86004e3a8a2510675af688bef002f1c2610d051f	Тимәк, миңә шуның аша үтергә кәрәк...		1	0					ba	
fa0fdeecf1c5328233b72216b19acdc320aa056bffde926412f6b15a3ad7d146bb2b066acc6a8b4d77a6ec76dc3513069af4a4e2d86a4bd2c8c54fda63c5cf3f	common_voice_ba_43397477.mp3	171cf31d862f3ecc8e44760e6a8a0600c81af7e74bb4f9a1b611d6f870d4dfda	Ну... беренсенән...		0	0					ba	
fa0fdeecf1c5328233b72216b19acdc320aa056bffde926412f6b15a3ad7d146bb2b066acc6a8b4d77a6ec76dc3513069af4a4e2d86a4bd2c8c54fda63c5cf3f	common_voice_ba_43397478.mp3	1637dfa874d68f480e8158cc5485aa53491728349cea5212afa7ee242659eccc	Ата-әсәһе булһын.		1	0					ba	
fa0fdeecf1c5328233b72216b19acdc320aa056bffde926412f6b15a3ad7d146bb2b066acc6a8b4d77a6ec76dc3513069af4a4e2d86a4bd2c8c54fda63c5cf3f	common_voice_ba_43397479.mp3	137a60457b95e7475bb3f7287264fb0d43c7d75b702d52cdcce5ed4fa526ad11	Ғәйеплеләр видеояҙма ярҙамында асыҡланған: урындағылар эшләгән техниканы төшөрөп алған.		0	0					ba	
fa0fdeecf1c5328233b72216b19acdc320aa056bffde926412f6b15a3ad7d146bb2b066acc6a8b4d77a6ec76dc3513069af4a4e2d86a4bd2c8c54fda63c5cf3f	common_voice_ba_43397490.mp3	1698bfa272eb22a1ddec166882fd8120c7a058915f3059c47c9f3267d4694d06	Уны ете тигеҙ өлөшкә бүлеп, йәймә йәйергә кәрәк.		0	0					ba	
fa0fdeecf1c5328233b72216b19acdc320aa056bffde926412f6b15a3ad7d146bb2b066acc6a8b4d77a6ec76dc3513069af4a4e2d86a4bd2c8c54fda63c5cf3f	common_voice_ba_43397492.mp3	15179513a63e4e770ce61f6cd5877960e6782df241d6a8f9c7ba2604ffae1788	Йүрүҙән ҡалаһында йәшәгән ҡәйенбикәһе маҡтап-маҡтап Ирәмәл алтын тамырын биреп ҡайтарғайны.		1	0					ba	
fa0fdeecf1c5328233b72216b19acdc320aa056bffde926412f6b15a3ad7d146bb2b066acc6a8b4d77a6ec76dc3513069af4a4e2d86a4bd2c8c54fda63c5cf3f	common_voice_ba_43397493.mp3	15c22b8166f9a78311235056a23c813626397ed671e0e409763bd0b018391b5d	Был, донъя тәжрибәһенән сығып ҡарағанда, тиңдәше булмаған һәм һаман да аңлатыу тапмаған кире феномен.		0	0					ba	
fa0fdeecf1c5328233b72216b19acdc320aa056bffde926412f6b15a3ad7d146bb2b066acc6a8b4d77a6ec76dc3513069af4a4e2d86a4bd2c8c54fda63c5cf3f	common_voice_ba_43397494.mp3	015a2f35b0fc0881bbde24973cfca3c6a9b096ee330c48f6f115ce83ad27b307	Бөгөн дә тышҡа сығып булмай.		1	0					ba	
fa0fdeecf1c5328233b72216b19acdc320aa056bffde926412f6b15a3ad7d146bb2b066acc6a8b4d77a6ec76dc3513069af4a4e2d86a4bd2c8c54fda63c5cf3f	common_voice_ba_43397500.mp3	15682552955cbcdadf8639e6cb5008f11464ffaf448465bd8b67805a610db34c	Ваҡиғалар туҡталмайынса дауам итә.		0	0					ba	
fa0fdeecf1c5328233b72216b19acdc320aa056bffde926412f6b15a3ad7d146bb2b066acc6a8b4d77a6ec76dc3513069af4a4e2d86a4bd2c8c54fda63c5cf3f	common_voice_ba_43397501.mp3	144e6bd7afc79d526a264fa90ad483f966915e6281eeb090e280377299a7b885	Өфөлә рабфак тамамлаған.		1	0					ba	
fa0fdeecf1c5328233b72216b19acdc320aa056bffde926412f6b15a3ad7d146bb2b066acc6a8b4d77a6ec76dc3513069af4a4e2d86a4bd2c8c54fda63c5cf3f	common_voice_ba_43397502.mp3	14b3b530a51776d1809cc2088914353de1d7e3309bd8228cfbc0d5005923705c	Унда килбәтһеҙ, кеше ҙурлыҡ ҡурсаҡ кеүек ята.		0	0					ba	
fa0fdeecf1c5328233b72216b19acdc320aa056bffde926412f6b15a3ad7d146bb2b066acc6a8b4d77a6ec76dc3513069af4a4e2d86a4bd2c8c54fda63c5cf3f	common_voice_ba_43397503.mp3	16aa57dcbdf41531fd7416cdc7cd28c60d4c15f6cec258ca061f5faefd830655	Шуға урлап алырға булдым.		0	0					ba	
fa0fdeecf1c5328233b72216b19acdc320aa056bffde926412f6b15a3ad7d146bb2b066acc6a8b4d77a6ec76dc3513069af4a4e2d86a4bd2c8c54fda63c5cf3f	common_voice_ba_43397509.mp3	17310f125fb5cd560c9d95a6693d6db3fa173b25ad415088f74d297337238aa4	Барыһын да ташлап ҡайҙалыр китке, ҡасҡы килә!		1	0					ba	
fa0fdeecf1c5328233b72216b19acdc320aa056bffde926412f6b15a3ad7d146bb2b066acc6a8b4d77a6ec76dc3513069af4a4e2d86a4bd2c8c54fda63c5cf3f	common_voice_ba_43397510.mp3	17351e270620b6a3848b692a96452214c43061c60f95db78ddec8fbe6fa13c92	Элеккеләр һәм Сәлихова Әсмә.		1	0					ba	
fa0fdeecf1c5328233b72216b19acdc320aa056bffde926412f6b15a3ad7d146bb2b066acc6a8b4d77a6ec76dc3513069af4a4e2d86a4bd2c8c54fda63c5cf3f	common_voice_ba_43397511.mp3	152bba78f017550924d24749e17aeda4ac78048d0e6d1c8322f1427f3c4ef75d	Халыҡта ихтыяж булмаһа, шунса мәсетте һалырҙар инеме ни?		0	0					ba	
fa0fdeecf1c5328233b72216b19acdc320aa056bffde926412f6b15a3ad7d146bb2b066acc6a8b4d77a6ec76dc3513069af4a4e2d86a4bd2c8c54fda63c5cf3f	common_voice_ba_43397512.mp3	15c850fb534f842b724bb32fe37b0e83f2f0c09951551cc6bb31f2f989eb3560	Ҡыҙ Мәскәйҙең мәкерле уйын аңлай.		1	0					ba	
fa0fdeecf1c5328233b72216b19acdc320aa056bffde926412f6b15a3ad7d146bb2b066acc6a8b4d77a6ec76dc3513069af4a4e2d86a4bd2c8c54fda63c5cf3f	common_voice_ba_43397513.mp3	12552acea5e4c369ff7f5f6152bc7d548aac587bcfc12377c6bab9e3dde1c6bc	Машинаны төҙәтеү оҙаҡҡа һуҙыла.		0	0					ba	
fa0fdeecf1c5328233b72216b19acdc320aa056bffde926412f6b15a3ad7d146bb2b066acc6a8b4d77a6ec76dc3513069af4a4e2d86a4bd2c8c54fda63c5cf3f	common_voice_ba_43397524.mp3	14faa15ddca05c2a541bb9f2d762f9fc04379b10f2093ba937917197848aeab3	Һүҙем — ике йыл элек Мораҙым ауылында шәхси эшҡыуар булараҡ эш башлаған ғаилә хаҡында.		0	0					ba	
fa0fdeecf1c5328233b72216b19acdc320aa056bffde926412f6b15a3ad7d146bb2b066acc6a8b4d77a6ec76dc3513069af4a4e2d86a4bd2c8c54fda63c5cf3f	common_voice_ba_43397526.mp3	16e8fbf79a3a4e525291adb8424f73868c169e2bb44b33658f2660ce972a7a21	Йәшел башлығы танауына уҡ төшөп тора.		1	0					ba	
fa0fdeecf1c5328233b72216b19acdc320aa056bffde926412f6b15a3ad7d146bb2b066acc6a8b4d77a6ec76dc3513069af4a4e2d86a4bd2c8c54fda63c5cf3f	common_voice_ba_43397527.mp3	145d64eff5447d2607f45bdbc95133973b6069c6746fc706ad210d7bbb13489e	Күп кенә сараларҙы үткәреүҙә үҙ теләге менән эшләгән йәштәрҙең ярҙамы ифрат ҙур.		1	0					ba	
fa0fdeecf1c5328233b72216b19acdc320aa056bffde926412f6b15a3ad7d146bb2b066acc6a8b4d77a6ec76dc3513069af4a4e2d86a4bd2c8c54fda63c5cf3f	common_voice_ba_43397528.mp3	1379e5be41e1448f2faae22b2849f282d8b68b13d05c93ed12ca993b98ceeea0	Шәһрезада әкиәт һөйләй башлай.		1	0					ba	
fa0fdeecf1c5328233b72216b19acdc320aa056bffde926412f6b15a3ad7d146bb2b066acc6a8b4d77a6ec76dc3513069af4a4e2d86a4bd2c8c54fda63c5cf3f	common_voice_ba_43397529.mp3	16af0e5fc2447c922be35b394fde210f4bdc16614a1463c7d3a0a797ad06f885	Ләкин ошо байлыҡтың өстән ике өлөшөн ағас эшкәртеүселәр файҙалана алмай.		1	0					ba	
fa0fdeecf1c5328233b72216b19acdc320aa056bffde926412f6b15a3ad7d146bb2b066acc6a8b4d77a6ec76dc3513069af4a4e2d86a4bd2c8c54fda63c5cf3f	common_voice_ba_43397530.mp3	13e75816a7c1c84f97256466c5da9e29523d9ba9f31fc61eff9ec5436ba494aa	Ваҡыты еткәс, китер...		0	0					ba	
fa0fdeecf1c5328233b72216b19acdc320aa056bffde926412f6b15a3ad7d146bb2b066acc6a8b4d77a6ec76dc3513069af4a4e2d86a4bd2c8c54fda63c5cf3f	common_voice_ba_43397531.mp3	17019b4fd02f0af796e1640077966ce117f78b82a64699681e1aa92b74a4b159	Туҡтат, юғиһә бөтә тормошоңдоң рәте булмаясаҡ, тип әсәйем ороша торғайны.		0	0					ba	
fa0fdeecf1c5328233b72216b19acdc320aa056bffde926412f6b15a3ad7d146bb2b066acc6a8b4d77a6ec76dc3513069af4a4e2d86a4bd2c8c54fda63c5cf3f	common_voice_ba_43397532.mp3	155cd2def1e93d3c5627a8704a44c264e8b445556f551462fc610de1c435374b	Хужаларҙың балаһы ҡайһыһы һуң: ҡыҙ кеше киленме, әллә егет кейәүме?		1	0					ba	
fa0fdeecf1c5328233b72216b19acdc320aa056bffde926412f6b15a3ad7d146bb2b066acc6a8b4d77a6ec76dc3513069af4a4e2d86a4bd2c8c54fda63c5cf3f	common_voice_ba_43397533.mp3	157fb431a0b44e83acf5ff052bb286a033048ca39bc42a799464e8a7a4a7dcf8	Һин үҙеңде кешеләр урынына ҡуйып ҡарағаның булдымы?		0	0					ba	
fa0fdeecf1c5328233b72216b19acdc320aa056bffde926412f6b15a3ad7d146bb2b066acc6a8b4d77a6ec76dc3513069af4a4e2d86a4bd2c8c54fda63c5cf3f	common_voice_ba_43397534.mp3	1737d1bffcc707c4258317a1e0bc72fa8b9c06f05239e9f258a09da15387d094	Уны асыу тантанаһында иҫке типтағы учреждениелар етәкселәре, дөрөҫөн әйткәндә, хатта көнләшеүен йәшерә алманы.		0	0					ba	
fa0fdeecf1c5328233b72216b19acdc320aa056bffde926412f6b15a3ad7d146bb2b066acc6a8b4d77a6ec76dc3513069af4a4e2d86a4bd2c8c54fda63c5cf3f	common_voice_ba_43397535.mp3	16687f4efe100d505736b2801b5a5c392d5934b355caf8adcb8d5e79267213a0	Башҡа ғүмерҙә лә ҡайтаһым юҡ!		1	0					ba	
fa0fdeecf1c5328233b72216b19acdc320aa056bffde926412f6b15a3ad7d146bb2b066acc6a8b4d77a6ec76dc3513069af4a4e2d86a4bd2c8c54fda63c5cf3f	common_voice_ba_43397536.mp3	16e200e134007ff2b41646e5971375ed01846f072d4bb59af85893ab2ff16f56	Аждаһа йылын ниндәй табында ҡаршылаһаҡ, был йылда беҙгә бәхет йылмайыр һуң?		0	0					ba	
fa0fdeecf1c5328233b72216b19acdc320aa056bffde926412f6b15a3ad7d146bb2b066acc6a8b4d77a6ec76dc3513069af4a4e2d86a4bd2c8c54fda63c5cf3f	common_voice_ba_43397537.mp3	14da73fc47ce2c33723fc280c6f414bfe8ac53b7f4004dae0df6bb6e2d767b24	Күберәк ағасты юнып, семәрләп эшләү яғындамын.		0	0					ba	
fa0fdeecf1c5328233b72216b19acdc320aa056bffde926412f6b15a3ad7d146bb2b066acc6a8b4d77a6ec76dc3513069af4a4e2d86a4bd2c8c54fda63c5cf3f	common_voice_ba_43397538.mp3	168fa6a2736cca2dbb3a88bad64023f064874e6108d4367bab3a302abfa85133	Йыраҡтан һалам эҫкерттәре күренә тип уйлағайныҡ, баҡтиһәң, сөгөлдөр өйөмдәре һуҙылған икән.		0	0					ba	
fa0fdeecf1c5328233b72216b19acdc320aa056bffde926412f6b15a3ad7d146bb2b066acc6a8b4d77a6ec76dc3513069af4a4e2d86a4bd2c8c54fda63c5cf3f	common_voice_ba_43397544.mp3	1513f730d3d83c78f445b86b0a52d01d3a6e18dfffaadbeca1ce911d837c2ff1	Битараф булмайыҡ, милләтебеҙҙе, рухыбыҙҙы, телебеҙҙе һаҡлау һәм үҫтереүгә үҙ өлөшөбөҙҙө индерәйек, хөрмәтле ҡәрҙәштәр!		1	0					ba	
fa0fdeecf1c5328233b72216b19acdc320aa056bffde926412f6b15a3ad7d146bb2b066acc6a8b4d77a6ec76dc3513069af4a4e2d86a4bd2c8c54fda63c5cf3f	common_voice_ba_43397545.mp3	15f5129c1fdf8fabf67c4b1dffb6212c33eda81a9774719e0bfc04232b9d4e05	Ирем ней тине.		1	0					ba	
fa0fdeecf1c5328233b72216b19acdc320aa056bffde926412f6b15a3ad7d146bb2b066acc6a8b4d77a6ec76dc3513069af4a4e2d86a4bd2c8c54fda63c5cf3f	common_voice_ba_43397546.mp3	142cb8beacccf1bb75ad1fb21430baf6cdefb99ea67d539ef516ee6527122d05	— Ҡуй әле, шул маҡтансыҡты маһайтып йөрөмәйек.		1	0					ba	
fa0fdeecf1c5328233b72216b19acdc320aa056bffde926412f6b15a3ad7d146bb2b066acc6a8b4d77a6ec76dc3513069af4a4e2d86a4bd2c8c54fda63c5cf3f	common_voice_ba_43397547.mp3	164b10578c8668f825d61c32826432cec5330202698fcbe154a002c826492408	Али Баба шыр ебәрә.		1	0					ba	
fa0fdeecf1c5328233b72216b19acdc320aa056bffde926412f6b15a3ad7d146bb2b066acc6a8b4d77a6ec76dc3513069af4a4e2d86a4bd2c8c54fda63c5cf3f	common_voice_ba_43397548.mp3	165b1320c744d09f3cfd91bca2a17957be13607af1fb632885c92fbf2e3cf2de	Һәр береһен хеҙмәтләндереп кенә өлгөр!		0	0					ba	
fa0fdeecf1c5328233b72216b19acdc320aa056bffde926412f6b15a3ad7d146bb2b066acc6a8b4d77a6ec76dc3513069af4a4e2d86a4bd2c8c54fda63c5cf3f	common_voice_ba_43397549.mp3	1523e0b598c999e4ef67e93d45bd0cf1d0e610ab45d5bbc854461bf8afad7bc2	Шул саҡта беҙгә лә өлөш сығарырҙар!		1	0					ba	
fa0fdeecf1c5328233b72216b19acdc320aa056bffde926412f6b15a3ad7d146bb2b066acc6a8b4d77a6ec76dc3513069af4a4e2d86a4bd2c8c54fda63c5cf3f	common_voice_ba_43397550.mp3	130d5c403d872063a3105fe249d9d0678e1d190f4717cf614b42f3c1813431d2	Сөнки ике туған ҡустың Стәрле техникумын бөттө.		1	0					ba	
fa0fdeecf1c5328233b72216b19acdc320aa056bffde926412f6b15a3ad7d146bb2b066acc6a8b4d77a6ec76dc3513069af4a4e2d86a4bd2c8c54fda63c5cf3f	common_voice_ba_43397551.mp3	0ae282ec2458b3b881c21ed923d8d8112d58ab7edb51b964e4b955ae97024068	Миңә аҙаҡ аңлаттылар: ҡоҙағыҙҙың ниндәйҙер туғаны ҡайтҡан икенсе ҡаланан.		1	0					ba	
fa0fdeecf1c5328233b72216b19acdc320aa056bffde926412f6b15a3ad7d146bb2b066acc6a8b4d77a6ec76dc3513069af4a4e2d86a4bd2c8c54fda63c5cf3f	common_voice_ba_43397552.mp3	1558634e3d00854a056ac9093b9fedf3f4c5f88cc1dfe6018c698a148b338b78	Уларҙың һәр береһе маҡтауға һәм ихтирамға лайыҡ тип иҫәпләйем.		0	0					ba	
fa0fdeecf1c5328233b72216b19acdc320aa056bffde926412f6b15a3ad7d146bb2b066acc6a8b4d77a6ec76dc3513069af4a4e2d86a4bd2c8c54fda63c5cf3f	common_voice_ba_43397553.mp3	1708ba7c8638913abd06a9bd72fbcc9ad889dc8ecb1e06fbbc7e9f4c6c6dd69e	Һәләк булған ҡатын Марина Полтавец иһә Башҡортостандың Арбитраж судында судья вазифаһын башҡарған булған.		1	0					ba	
fa0fdeecf1c5328233b72216b19acdc320aa056bffde926412f6b15a3ad7d146bb2b066acc6a8b4d77a6ec76dc3513069af4a4e2d86a4bd2c8c54fda63c5cf3f	common_voice_ba_43397554.mp3	14d6bc16f59da501e3b363b2bfe3a214953a9b3a8e2f101ca1fc73e1cffe4bf8	Кейәүебеҙҙең атаһы була.		1	0					ba	
fa0fdeecf1c5328233b72216b19acdc320aa056bffde926412f6b15a3ad7d146bb2b066acc6a8b4d77a6ec76dc3513069af4a4e2d86a4bd2c8c54fda63c5cf3f	common_voice_ba_43397555.mp3	1707165d75a80914668bb23dafea140b6bc5fc05247405def19c6694c7fd3c4b	Ҡайһы берәүҙәр төньяҡ-көнбайыш башҡорттарының теленә ҡарап, уларҙы башҡорт тип танымаҫҡа маташты.		0	0					ba	
fa0fdeecf1c5328233b72216b19acdc320aa056bffde926412f6b15a3ad7d146bb2b066acc6a8b4d77a6ec76dc3513069af4a4e2d86a4bd2c8c54fda63c5cf3f	common_voice_ba_43397556.mp3	12c8fb878b71ee35a789a9b433b3b64edf59284c28d7a7345cfd886e4399fd7a	Әйтәйек, туйҙарҙы беҙҙең халыҡ боронғонан килгән йолалар буйынса үткәрергә тырыша.		0	0					ba	
fa0fdeecf1c5328233b72216b19acdc320aa056bffde926412f6b15a3ad7d146bb2b066acc6a8b4d77a6ec76dc3513069af4a4e2d86a4bd2c8c54fda63c5cf3f	common_voice_ba_43397557.mp3	152ca8bccb0c34db358fc98e7b032da9c1a3376e482ffdd933d678f419836f93	Өндәшмәйһегеҙ, тимәк, мин дөрөҫ һөйләйем.		1	0					ba	
fa0fdeecf1c5328233b72216b19acdc320aa056bffde926412f6b15a3ad7d146bb2b066acc6a8b4d77a6ec76dc3513069af4a4e2d86a4bd2c8c54fda63c5cf3f	common_voice_ba_43397558.mp3	1574758aaf50aeb6c8d1d73678fa48f29c8977fd569af8c0fc533d182d32af0f	Башҡа ҡатындар кеүек.		1	0					ba	
fa0fdeecf1c5328233b72216b19acdc320aa056bffde926412f6b15a3ad7d146bb2b066acc6a8b4d77a6ec76dc3513069af4a4e2d86a4bd2c8c54fda63c5cf3f	common_voice_ba_43397564.mp3	16f16849eb5e6d432b81bf41497047e7726d43e17218e6bad481433d9457fb9a	Эһе-һей, мундирға етәме ни ул!		0	0					ba	
fa0fdeecf1c5328233b72216b19acdc320aa056bffde926412f6b15a3ad7d146bb2b066acc6a8b4d77a6ec76dc3513069af4a4e2d86a4bd2c8c54fda63c5cf3f	common_voice_ba_43397565.mp3	0ff0deab0c4eb056029f12e9ac26455cc5fc021674b09662865f2e7697f3ad79	Үҙ-ара йәмһеҙ ҡысҡырыша-аҡырыша әзмәүерҙәй үҫмерҙәр күмәсте йән-фарманға типкеләүҙәрен белделәр.		0	0					ba	
fa0fdeecf1c5328233b72216b19acdc320aa056bffde926412f6b15a3ad7d146bb2b066acc6a8b4d77a6ec76dc3513069af4a4e2d86a4bd2c8c54fda63c5cf3f	common_voice_ba_43397566.mp3	15115500f7a85819cf918b832d45b5a2ec5fabb142a6f6eff14dd8df0c87cf80	Ҡарарҙы бөгөн раҫлатмаһам, гаражымды емерәләр.		1	0					ba	
fa0fdeecf1c5328233b72216b19acdc320aa056bffde926412f6b15a3ad7d146bb2b066acc6a8b4d77a6ec76dc3513069af4a4e2d86a4bd2c8c54fda63c5cf3f	common_voice_ba_43397567.mp3	0f3e0384cb6e92fab9ae2b651d5f64fdb528853bd35616a66e42a4d1b4a49a57	Донъяны матур төҙөгән, Иң мөһим һәм юғары әхлаҡлылыҡ — намыҫың алдындағы яуаплылыҡ.		1	0					ba	
fa0fdeecf1c5328233b72216b19acdc320aa056bffde926412f6b15a3ad7d146bb2b066acc6a8b4d77a6ec76dc3513069af4a4e2d86a4bd2c8c54fda63c5cf3f	common_voice_ba_43397568.mp3	11babd21e598244368c1e88c53d59ab115da20eb0b90095c2541ea04ccdd2222	Геройҙарҙың береһе лә буш һүҙ һөйләмәй, һәр һүҙгә, һәр һөйләмгә тәрән фәлсәфәүи мәғәнә һалынған!		1	0					ba	
fa0fdeecf1c5328233b72216b19acdc320aa056bffde926412f6b15a3ad7d146bb2b066acc6a8b4d77a6ec76dc3513069af4a4e2d86a4bd2c8c54fda63c5cf3f	common_voice_ba_43397569.mp3	15bd7959b9e0103835357c9c7b00af720fb9ed251f3e0ab868f05d0a5b4e9e8a	— Һин беҙгә бик ҙур изгелек эшләнең.		0	0					ba	
fa0fdeecf1c5328233b72216b19acdc320aa056bffde926412f6b15a3ad7d146bb2b066acc6a8b4d77a6ec76dc3513069af4a4e2d86a4bd2c8c54fda63c5cf3f	common_voice_ba_43397570.mp3	169d802c74c95616f6295dcdbe7ea75fb3568fc411e06622696b5cd3f667fe63	Рөхсәтһеҙ.		0	0					ba	
fa0fdeecf1c5328233b72216b19acdc320aa056bffde926412f6b15a3ad7d146bb2b066acc6a8b4d77a6ec76dc3513069af4a4e2d86a4bd2c8c54fda63c5cf3f	common_voice_ba_43397571.mp3	1760186d4adbaa8924ad946899b77b16c6298d20735732f5212d4d1195afe9b7	Тирә-яҡҡа баҡты.		1	0					ba	
fa0fdeecf1c5328233b72216b19acdc320aa056bffde926412f6b15a3ad7d146bb2b066acc6a8b4d77a6ec76dc3513069af4a4e2d86a4bd2c8c54fda63c5cf3f	common_voice_ba_43397572.mp3	16c51ae0e5ededf9b95bf9e265d3ab8447f0910179cc2ffcaece8ba75546e780	Ат һарай ҡыйығына килеп ултыра.		1	0					ba	
fa0fdeecf1c5328233b72216b19acdc320aa056bffde926412f6b15a3ad7d146bb2b066acc6a8b4d77a6ec76dc3513069af4a4e2d86a4bd2c8c54fda63c5cf3f	common_voice_ba_43397573.mp3	17594a4570491832dd5f80fd566e3cb867c4d9e93802d28d65b3444f2b1b78a1	Ул эсте, эсте!		1	0					ba	
fa0fdeecf1c5328233b72216b19acdc320aa056bffde926412f6b15a3ad7d146bb2b066acc6a8b4d77a6ec76dc3513069af4a4e2d86a4bd2c8c54fda63c5cf3f	common_voice_ba_43397578.mp3	170c4d15f589c01b12943085c4868195e9709b8bc1aaddb209194bf35f6b4ef5	Шартлатыу мастере Фридрих Гернингте ризалаштырыу ауырға тура килмәй.		1	0					ba	
fa0fdeecf1c5328233b72216b19acdc320aa056bffde926412f6b15a3ad7d146bb2b066acc6a8b4d77a6ec76dc3513069af4a4e2d86a4bd2c8c54fda63c5cf3f	common_voice_ba_43397579.mp3	12d228db0505a6c56a10b67691cbd1a6b25a67a8d8b9603a33a3592f933b5ad0	Уй, хәстрүш!		1	0					ba	
fa0fdeecf1c5328233b72216b19acdc320aa056bffde926412f6b15a3ad7d146bb2b066acc6a8b4d77a6ec76dc3513069af4a4e2d86a4bd2c8c54fda63c5cf3f	common_voice_ba_43397580.mp3	f5a48d8b3734421c7838cff8dcabba5c4674bcb32aa4370d45aa277c15f796fd	Осраҡлы мәғәнәнең диапазоны алтынан кәмерәк булырға тейеш.		1	0					ba	
fa0fdeecf1c5328233b72216b19acdc320aa056bffde926412f6b15a3ad7d146bb2b066acc6a8b4d77a6ec76dc3513069af4a4e2d86a4bd2c8c54fda63c5cf3f	common_voice_ba_43397581.mp3	176d9c21d685a5946ef610a526fc77ccb93d51e17d46a6c0c990ec3a1b2c8383	Юҡ, улай ғына түгел, шырпы!		0	0					ba	
fa0fdeecf1c5328233b72216b19acdc320aa056bffde926412f6b15a3ad7d146bb2b066acc6a8b4d77a6ec76dc3513069af4a4e2d86a4bd2c8c54fda63c5cf3f	common_voice_ba_43397582.mp3	16521d3af697c48bba4d9dd6a0a78552121d36b0c5e59b3502e945e196037350	— Асыҡтыңмы ни, матурым?		1	0					ba	
fa0fdeecf1c5328233b72216b19acdc320aa056bffde926412f6b15a3ad7d146bb2b066acc6a8b4d77a6ec76dc3513069af4a4e2d86a4bd2c8c54fda63c5cf3f	common_voice_ba_43397583.mp3	159f217e0260f4e8a7d74d0c645ab0f518899746a1587574983af8c2ab10768d	Бурысты ваҡытында ҡайтарып барҙыҡ.		0	0					ba	
fa0fdeecf1c5328233b72216b19acdc320aa056bffde926412f6b15a3ad7d146bb2b066acc6a8b4d77a6ec76dc3513069af4a4e2d86a4bd2c8c54fda63c5cf3f	common_voice_ba_43397584.mp3	1508a2c5db7486d8909afe40a495dc6565f24ec07aa239282bf338e666b8e53f	Һуң бит, Билал Саматович, беҙҙең комитетта газ юҡ.		1	0					ba	
fa0fdeecf1c5328233b72216b19acdc320aa056bffde926412f6b15a3ad7d146bb2b066acc6a8b4d77a6ec76dc3513069af4a4e2d86a4bd2c8c54fda63c5cf3f	common_voice_ba_43397586.mp3	16dbfe9d1d07340dd19d27484d8a592a6d910a02c1e2c2ac6f510e043bcb738c	Былтыр бында шулай уҡ төп дини конфессиялар вәкилдәре өсөн ғибәҙәт ҡылыу бүлмәләре асылған.		0	0					ba	
fa0fdeecf1c5328233b72216b19acdc320aa056bffde926412f6b15a3ad7d146bb2b066acc6a8b4d77a6ec76dc3513069af4a4e2d86a4bd2c8c54fda63c5cf3f	common_voice_ba_43397592.mp3	1775f05d602ae758afd97a43dae113b44899fdc6dc89d65360d33b916156a8b4	Ә киоскка урын алыу өсөн?		0	0					ba	
fa0fdeecf1c5328233b72216b19acdc320aa056bffde926412f6b15a3ad7d146bb2b066acc6a8b4d77a6ec76dc3513069af4a4e2d86a4bd2c8c54fda63c5cf3f	common_voice_ba_43397593.mp3	1564fe034eb0ee08fbaee60efa1f21345e0120d02211cbd8784c612a57a88f4b	Уныһы Шамилдың хәлен һораны.		1	0					ba	
fa0fdeecf1c5328233b72216b19acdc320aa056bffde926412f6b15a3ad7d146bb2b066acc6a8b4d77a6ec76dc3513069af4a4e2d86a4bd2c8c54fda63c5cf3f	common_voice_ba_43397595.mp3	15e87151f0ab3f7190c4c3dfda75c6f3694a1489c0e266bb201c734a152593e3	Аса алмағас, яра һуғырға кәрәк!		1	0					ba	
fa0fdeecf1c5328233b72216b19acdc320aa056bffde926412f6b15a3ad7d146bb2b066acc6a8b4d77a6ec76dc3513069af4a4e2d86a4bd2c8c54fda63c5cf3f	common_voice_ba_43397596.mp3	1773c2f535e0550529ee9652f11c59852476fb00eb11a6e595330755af19976a	— Харап булдыҡ, донъя һүнде, ҡояш һүнде.		1	0					ba	
fa0fdeecf1c5328233b72216b19acdc320aa056bffde926412f6b15a3ad7d146bb2b066acc6a8b4d77a6ec76dc3513069af4a4e2d86a4bd2c8c54fda63c5cf3f	common_voice_ba_43397602.mp3	15a4ba2b09ac99a2d58c4d2a4800fb94ed6719b76371874ab885d0cc365a9a16	Ҡан көслөрәк аҡһа ла, мин ирекле инем инде.		0	0					ba	
fa0fdeecf1c5328233b72216b19acdc320aa056bffde926412f6b15a3ad7d146bb2b066acc6a8b4d77a6ec76dc3513069af4a4e2d86a4bd2c8c54fda63c5cf3f	common_voice_ba_43397603.mp3	1708fcca1aa028fac77eb5bfa5ba7b090f4cb673da15ccfe1820cd36ec842419	Барып ал, тик һатма.		1	0					ba	
fa0fdeecf1c5328233b72216b19acdc320aa056bffde926412f6b15a3ad7d146bb2b066acc6a8b4d77a6ec76dc3513069af4a4e2d86a4bd2c8c54fda63c5cf3f	common_voice_ba_43397604.mp3	16f315d14f1e059d13c29f823f1007ff992f42928ef9e0b5830ebeec4c4ca3a7	Йәлләмәйһең дә әҙерәк.		1	0					ba	
fa0fdeecf1c5328233b72216b19acdc320aa056bffde926412f6b15a3ad7d146bb2b066acc6a8b4d77a6ec76dc3513069af4a4e2d86a4bd2c8c54fda63c5cf3f	common_voice_ba_43397605.mp3	16755ff8c14da8e1c54ba7ada5b5af85e403f7c630f69423724f752935389793	Тап Гөлфиә Юнысованың шиғри шишмәһе сабыйҙар күңелен сафландырҙы.		1	0					ba	
fa0fdeecf1c5328233b72216b19acdc320aa056bffde926412f6b15a3ad7d146bb2b066acc6a8b4d77a6ec76dc3513069af4a4e2d86a4bd2c8c54fda63c5cf3f	common_voice_ba_43397606.mp3	16a0693b4745e54b9deb5fa5c95d35c48ec0e2d6f7fc82a0eea070822d14baa7	Хәйер, ул кис һайын ҡыйыҡ башында саф һауа һулап йөрөй.		1	0					ba	
fa0fdeecf1c5328233b72216b19acdc320aa056bffde926412f6b15a3ad7d146bb2b066acc6a8b4d77a6ec76dc3513069af4a4e2d86a4bd2c8c54fda63c5cf3f	common_voice_ba_43397607.mp3	16da1e76fb2b2ac0d9d283bd7f7cf78493af37bb99cf6b617e8f7a6570d5273a	Бурҙы ҡапыл ғына эләктерергә булдылар шикелле.		1	0					ba	
fa0fdeecf1c5328233b72216b19acdc320aa056bffde926412f6b15a3ad7d146bb2b066acc6a8b4d77a6ec76dc3513069af4a4e2d86a4bd2c8c54fda63c5cf3f	common_voice_ba_43397608.mp3	10e036324a7f60fc9cfa74dd7fffecbfce1a69892a8b8ee1193373c2aade2159	Әле бөтәһе өс меңгә яҡын умарта иҫәпләнә.		1	0					ba	
fa0fdeecf1c5328233b72216b19acdc320aa056bffde926412f6b15a3ad7d146bb2b066acc6a8b4d77a6ec76dc3513069af4a4e2d86a4bd2c8c54fda63c5cf3f	common_voice_ba_43397609.mp3	1715f326daf334153fbddc1b322bca117869774136517dd501458771961915c4	Һеҙҙең ауыҙҙан бигерәк матур яңғырай.		0	0					ba	
fa0fdeecf1c5328233b72216b19acdc320aa056bffde926412f6b15a3ad7d146bb2b066acc6a8b4d77a6ec76dc3513069af4a4e2d86a4bd2c8c54fda63c5cf3f	common_voice_ba_43397610.mp3	14685ebbf77ae7e67c7d3e2ddf12810c20c6a5ddcc92038f972553d4e3c0e61b	Йыртылып ҡуйыуы бар.		1	0					ba	
fa0fdeecf1c5328233b72216b19acdc320aa056bffde926412f6b15a3ad7d146bb2b066acc6a8b4d77a6ec76dc3513069af4a4e2d86a4bd2c8c54fda63c5cf3f	common_voice_ba_43397611.mp3	1787d8ded20494f4cbeb5f938b2ca1e29394590f861cd330b0c3d85c1e56e09c	— Бөтә донъя телевидение көнө		1	0					ba	
fa0fdeecf1c5328233b72216b19acdc320aa056bffde926412f6b15a3ad7d146bb2b066acc6a8b4d77a6ec76dc3513069af4a4e2d86a4bd2c8c54fda63c5cf3f	common_voice_ba_43397612.mp3	147dee0b00c4e47a9b381151fbebd03a39ecc031b445b2b89a7faf5b845c5ab4	Ул беҙгә бик оҡшаны.		1	0					ba	
fa0fdeecf1c5328233b72216b19acdc320aa056bffde926412f6b15a3ad7d146bb2b066acc6a8b4d77a6ec76dc3513069af4a4e2d86a4bd2c8c54fda63c5cf3f	common_voice_ba_43397613.mp3	14024688b873da11d49b9d4eece4510ed5528b1444b921a86b16d906909f7144	Күҙ алдына килтер!		1	0					ba	
fa0fdeecf1c5328233b72216b19acdc320aa056bffde926412f6b15a3ad7d146bb2b066acc6a8b4d77a6ec76dc3513069af4a4e2d86a4bd2c8c54fda63c5cf3f	common_voice_ba_43397614.mp3	16fe2265a2a3af208b7836cff08af6442f2ba1173fe9527e8b673b940de1d910	Ана, шхуна күрше тулҡындың кикереген киҫеп сыҡты.		0	0					ba	
fa0fdeecf1c5328233b72216b19acdc320aa056bffde926412f6b15a3ad7d146bb2b066acc6a8b4d77a6ec76dc3513069af4a4e2d86a4bd2c8c54fda63c5cf3f	common_voice_ba_43397615.mp3	173887da529a70e38a4d7e7faf4c16041eb77d431960bd109abe1096cde6908e	Ә улар!..		1	0					ba	
fa0fdeecf1c5328233b72216b19acdc320aa056bffde926412f6b15a3ad7d146bb2b066acc6a8b4d77a6ec76dc3513069af4a4e2d86a4bd2c8c54fda63c5cf3f	common_voice_ba_43397617.mp3	1754957e2d33fe4cddbe4aad180eace4bde581b2ccd7dc457f59139c8632daef	Ә, бына икән!		0	0					ba	
fa0fdeecf1c5328233b72216b19acdc320aa056bffde926412f6b15a3ad7d146bb2b066acc6a8b4d77a6ec76dc3513069af4a4e2d86a4bd2c8c54fda63c5cf3f	common_voice_ba_43397618.mp3	176f9e92d6c06ea50b0d701f7bf19f40ef544339f1e39d55d9f5152b88f4e44a	Гитлер, маҡтанып: «Скорее Днепр потечет обратно, нежели русские преодолеют его», — тип сығыш яһай.		1	0					ba	
fa0fdeecf1c5328233b72216b19acdc320aa056bffde926412f6b15a3ad7d146bb2b066acc6a8b4d77a6ec76dc3513069af4a4e2d86a4bd2c8c54fda63c5cf3f	common_voice_ba_43397619.mp3	13222801d1a242f061270cf5eaf78b55fdeb83263ca97d8d308954178c7b7681	Ҡамасаулама!		1	0					ba	
fa0fdeecf1c5328233b72216b19acdc320aa056bffde926412f6b15a3ad7d146bb2b066acc6a8b4d77a6ec76dc3513069af4a4e2d86a4bd2c8c54fda63c5cf3f	common_voice_ba_43397620.mp3	17281fe46abe07a8a718327d64e1a59d825d306f0381c2f3da43074ab83e5041	Һыу ғына эсергә ярамай икән.		1	0					ba	
fa0fdeecf1c5328233b72216b19acdc320aa056bffde926412f6b15a3ad7d146bb2b066acc6a8b4d77a6ec76dc3513069af4a4e2d86a4bd2c8c54fda63c5cf3f	common_voice_ba_43397621.mp3	153dac42c46455830dca09901ecdda59419d259e2c4a7083e38a37f8544b2fca	— Ҡурҡаҡ һин, Әнүәр.		0	0					ba	
fa0fdeecf1c5328233b72216b19acdc320aa056bffde926412f6b15a3ad7d146bb2b066acc6a8b4d77a6ec76dc3513069af4a4e2d86a4bd2c8c54fda63c5cf3f	common_voice_ba_43397622.mp3	172287df27f637ba716e822f11403e48e570887602042ae8c399232ad2df9303	Әгәр уны ҡаҙып йөрөмәһәк...		0	0					ba	
fa0fdeecf1c5328233b72216b19acdc320aa056bffde926412f6b15a3ad7d146bb2b066acc6a8b4d77a6ec76dc3513069af4a4e2d86a4bd2c8c54fda63c5cf3f	common_voice_ba_43397623.mp3	176a9b8aa5dd5d6833f6d3358a7fcfee95e52b021e25f2d08c94c8bd6b423430	Иртәгәһен өйҙән-өйгә ҡунаҡҡа йөрөшөү башлана.		0	1					ba	
fa0fdeecf1c5328233b72216b19acdc320aa056bffde926412f6b15a3ad7d146bb2b066acc6a8b4d77a6ec76dc3513069af4a4e2d86a4bd2c8c54fda63c5cf3f	common_voice_ba_43397624.mp3	163644a22a53cb4fe7439086f18c60a916e90f835e5bb0732353c829c4e31417	Оҙаҡ йылдар карап йөрөтһә лә, бер ҡасан да бәлә-ҡазаға тарығаны булмай.		1	0					ba	
fa0fdeecf1c5328233b72216b19acdc320aa056bffde926412f6b15a3ad7d146bb2b066acc6a8b4d77a6ec76dc3513069af4a4e2d86a4bd2c8c54fda63c5cf3f	common_voice_ba_43397625.mp3	17825e1409b2ce2bad13c7a764251635ede90444f6220e9002613817886047a2	Алыҫ сәйәхәттән ҡайтып киләм.		1	0					ba	
fa0fdeecf1c5328233b72216b19acdc320aa056bffde926412f6b15a3ad7d146bb2b066acc6a8b4d77a6ec76dc3513069af4a4e2d86a4bd2c8c54fda63c5cf3f	common_voice_ba_43397626.mp3	17b1c5037fe9ab989de4ea31c416e543f8af32498b1b07a9eb08e997aba61438	Шәүрә!..		1	0					ba	
fa0fdeecf1c5328233b72216b19acdc320aa056bffde926412f6b15a3ad7d146bb2b066acc6a8b4d77a6ec76dc3513069af4a4e2d86a4bd2c8c54fda63c5cf3f	common_voice_ba_43397627.mp3	1660bb8d3bdaf79da19543a7400969ed53d4cb9dc8633b216f8d73404f3bb6c9	Төшөп ҡалдымы икән ни?		1	0					ba	
fa0fdeecf1c5328233b72216b19acdc320aa056bffde926412f6b15a3ad7d146bb2b066acc6a8b4d77a6ec76dc3513069af4a4e2d86a4bd2c8c54fda63c5cf3f	common_voice_ba_43397628.mp3	1682a52acca03a33593e051a3ece40a200139a1b23da02f3504218b860de8069	Ул йылдарҙың ғәрәсәте бында килеп етмәһә лә, көтмәгәндә-уйламағанда, ғаиләбеҙҙең эске донъяһын ҡыйратырға өлгәште.		1	0					ba	
fa0fdeecf1c5328233b72216b19acdc320aa056bffde926412f6b15a3ad7d146bb2b066acc6a8b4d77a6ec76dc3513069af4a4e2d86a4bd2c8c54fda63c5cf3f	common_voice_ba_43397629.mp3	16a2379d828e23cfdd0d949c70cb963cc42d173bbe0319b9065ed0dd965caf28	Миңә ул һаман снаряд ярсығы.		0	0					ba	
fa0fdeecf1c5328233b72216b19acdc320aa056bffde926412f6b15a3ad7d146bb2b066acc6a8b4d77a6ec76dc3513069af4a4e2d86a4bd2c8c54fda63c5cf3f	common_voice_ba_43397630.mp3	177df2d2bd09d221d1c307fbdac5089be99deedda9f16c7d6a64343b3d8ffb40	Өфөгә күсәм тип, шундай хәлгә төшөргә кәрәк бит!		1	0					ba	
fa0fdeecf1c5328233b72216b19acdc320aa056bffde926412f6b15a3ad7d146bb2b066acc6a8b4d77a6ec76dc3513069af4a4e2d86a4bd2c8c54fda63c5cf3f	common_voice_ba_43397631.mp3	169b2bd59aa488db358fd83a9457f1404c8cef7dfc03c91723b6ee14ed96ae04	— Тағы берәй нәмә ал.		1	0					ba	
fa0fdeecf1c5328233b72216b19acdc320aa056bffde926412f6b15a3ad7d146bb2b066acc6a8b4d77a6ec76dc3513069af4a4e2d86a4bd2c8c54fda63c5cf3f	common_voice_ba_43397632.mp3	0f86d5ea220343136b876f3decd045277d044b456c2714df9553fbb8b72e31a5	Немуй Рәсүл ҡайтҡан, тип балаларҙың шыбырлашыуынан ғына белеп ҡалды.		0	0					ba	
fa0fdeecf1c5328233b72216b19acdc320aa056bffde926412f6b15a3ad7d146bb2b066acc6a8b4d77a6ec76dc3513069af4a4e2d86a4bd2c8c54fda63c5cf3f	common_voice_ba_43397633.mp3	168bd6438f8341fdcd90ee51bafe229fe004d13339841d7f72da25b768ea8ef3	Ашамауҙы белмәйем.		1	0					ba	
fa0fdeecf1c5328233b72216b19acdc320aa056bffde926412f6b15a3ad7d146bb2b066acc6a8b4d77a6ec76dc3513069af4a4e2d86a4bd2c8c54fda63c5cf3f	common_voice_ba_43397634.mp3	0f7de2edadc6a3f6faca183190ef850b0e8d32db6eb7e2d44692c31736605aed	Гипсланылар ҙа яңынан элекке урынына алып барып һалдылар.		1	0					ba	
fa0fdeecf1c5328233b72216b19acdc320aa056bffde926412f6b15a3ad7d146bb2b066acc6a8b4d77a6ec76dc3513069af4a4e2d86a4bd2c8c54fda63c5cf3f	common_voice_ba_43397635.mp3	17623e93a8682843bf6d8a43fca763565536d2e0e41505e9e6bc7bdfb87ac839	Карап, ҡыҙғаныс итеп шығырлап, бер яҡҡа ҡыйшая.		0	0					ba	
fa0fdeecf1c5328233b72216b19acdc320aa056bffde926412f6b15a3ad7d146bb2b066acc6a8b4d77a6ec76dc3513069af4a4e2d86a4bd2c8c54fda63c5cf3f	common_voice_ba_43397636.mp3	1525541f335ed432a1327686da0ed607c8fdfc923ebef4a252067b6527f82f79	Нурания.		1	0					ba	
fa0fdeecf1c5328233b72216b19acdc320aa056bffde926412f6b15a3ad7d146bb2b066acc6a8b4d77a6ec76dc3513069af4a4e2d86a4bd2c8c54fda63c5cf3f	common_voice_ba_43397637.mp3	16fa87d78a6c0cdf66c9b2e91f08e5f78ccde7aee136e774d905c21cc23cfe36	Һеңлем ултырғысҡа баҫып, шунда ятҡан төргәктәрҙе ҡапшап ҡараны.		1	0					ba	
fa0fdeecf1c5328233b72216b19acdc320aa056bffde926412f6b15a3ad7d146bb2b066acc6a8b4d77a6ec76dc3513069af4a4e2d86a4bd2c8c54fda63c5cf3f	common_voice_ba_43397653.mp3	171f4357f647d916012491b216b3ed1d23eac9d2f3cb798cd834e672682b840b	Һиңә эләкмәй әле ул аш.		0	0					ba	
fa0fdeecf1c5328233b72216b19acdc320aa056bffde926412f6b15a3ad7d146bb2b066acc6a8b4d77a6ec76dc3513069af4a4e2d86a4bd2c8c54fda63c5cf3f	common_voice_ba_43397654.mp3	15966bcf364c938a4636f52b5d9cc21610e93e383d96144a8a4d5ace95fca9c0	Был бит шундай ваҡиға.		1	0					ba	
fa0fdeecf1c5328233b72216b19acdc320aa056bffde926412f6b15a3ad7d146bb2b066acc6a8b4d77a6ec76dc3513069af4a4e2d86a4bd2c8c54fda63c5cf3f	common_voice_ba_43397655.mp3	138a696f69d95d9d1521218a6be8f4321854189156ee1e35e94ab3968bca70fa	Әммә Ғәли алғы һыҙыҡҡа тиҙ генә эләкмәй әле.		0	0					ba	
fa0fdeecf1c5328233b72216b19acdc320aa056bffde926412f6b15a3ad7d146bb2b066acc6a8b4d77a6ec76dc3513069af4a4e2d86a4bd2c8c54fda63c5cf3f	common_voice_ba_43397656.mp3	13fa4a15ea4e3caf701db3298b4e1e4e6c3cb88bf938e84ae5c14403f76b2e95	Бала-сағалар менән бергәләшеп, урман буйына сыҡтыҡ.		1	0					ba	
fa0fdeecf1c5328233b72216b19acdc320aa056bffde926412f6b15a3ad7d146bb2b066acc6a8b4d77a6ec76dc3513069af4a4e2d86a4bd2c8c54fda63c5cf3f	common_voice_ba_43397663.mp3	1736e1e2fd37b1f8f57234be7a1f81cd3e38f4f2c4a56622ae6f64b498a16395	Ә ғифрит, уны күргәс, ҡысҡырып ебәрә:		1	0					ba	
fa0fdeecf1c5328233b72216b19acdc320aa056bffde926412f6b15a3ad7d146bb2b066acc6a8b4d77a6ec76dc3513069af4a4e2d86a4bd2c8c54fda63c5cf3f	common_voice_ba_43397664.mp3	170156f4758afa1c8378c33f016c4f3e9a0e12b48d7dba6bae3f9e9cbdb1c6c2	Ир-аттың сәләмәтлеге бигерәк тә нескә, йомшаҡ.		1	0					ba	
fa0fdeecf1c5328233b72216b19acdc320aa056bffde926412f6b15a3ad7d146bb2b066acc6a8b4d77a6ec76dc3513069af4a4e2d86a4bd2c8c54fda63c5cf3f	common_voice_ba_43397665.mp3	123b9a601aa5464b6ac847b731d1d66c3d080b55f278f9645ddcfa4dfaa6a76b	Йәғни пассажирға билет бирмәй, аҡсаһын үҙ кеҫәһенә һала.		0	0					ba	
fa0fdeecf1c5328233b72216b19acdc320aa056bffde926412f6b15a3ad7d146bb2b066acc6a8b4d77a6ec76dc3513069af4a4e2d86a4bd2c8c54fda63c5cf3f	common_voice_ba_43397666.mp3	17b44c9c347e2b00fb62083f7c5a89e1e77d9e78db4d3246d4875c865211245a	Икенсенән, Конституция үҫешкә, динамикаға эйә.		0	0					ba	
fa0fdeecf1c5328233b72216b19acdc320aa056bffde926412f6b15a3ad7d146bb2b066acc6a8b4d77a6ec76dc3513069af4a4e2d86a4bd2c8c54fda63c5cf3f	common_voice_ba_43397667.mp3	156ef790ddfcb6dbc6965835a07f125e2c3aafa0276af3ef1e9b4b7dcc943000	Установить плату за пользование бюджетными кредитами:		0	0					ba	
fa0fdeecf1c5328233b72216b19acdc320aa056bffde926412f6b15a3ad7d146bb2b066acc6a8b4d77a6ec76dc3513069af4a4e2d86a4bd2c8c54fda63c5cf3f	common_voice_ba_43397674.mp3	17dc78de519afd659372a568144125091337709a6cb1e709b5b5a8010ce9b033	Ярай, килгәс күрерһегеҙ!		0	0					ba	
fa0fdeecf1c5328233b72216b19acdc320aa056bffde926412f6b15a3ad7d146bb2b066acc6a8b4d77a6ec76dc3513069af4a4e2d86a4bd2c8c54fda63c5cf3f	common_voice_ba_43397675.mp3	15e6f67413d1cfe564fe0aff7b9bc5352e4194278e3cc9d5de569c33b812d65d	Ҡойма аша!		1	0					ba	
fa0fdeecf1c5328233b72216b19acdc320aa056bffde926412f6b15a3ad7d146bb2b066acc6a8b4d77a6ec76dc3513069af4a4e2d86a4bd2c8c54fda63c5cf3f	common_voice_ba_43397676.mp3	14d334ff05c49fd7edcfe7b293180dee4298dbc69ef21d4dda6920a5b4e3675b	Уның иркәләп, уға ярарға тырышып һөйләгән хәбәрен ишеткәндәй булып, тирә-яғына ҡаранып алды.		1	0					ba	
fa0fdeecf1c5328233b72216b19acdc320aa056bffde926412f6b15a3ad7d146bb2b066acc6a8b4d77a6ec76dc3513069af4a4e2d86a4bd2c8c54fda63c5cf3f	common_voice_ba_43397677.mp3	17a1e48158a6905688e12019e90be18a3cd71e938d39d13156c12d2afaa2a7cc	Аладдинға ун биш йәш тула.		1	0					ba	
fa0fdeecf1c5328233b72216b19acdc320aa056bffde926412f6b15a3ad7d146bb2b066acc6a8b4d77a6ec76dc3513069af4a4e2d86a4bd2c8c54fda63c5cf3f	common_voice_ba_43397683.mp3	16d5721786a2542bb4fa8b047f37e462fddbac2a2a97ec68581a79da49a1b229	Барыбер нимәлер булыр һымаҡ.		1	0					ba	
fa0fdeecf1c5328233b72216b19acdc320aa056bffde926412f6b15a3ad7d146bb2b066acc6a8b4d77a6ec76dc3513069af4a4e2d86a4bd2c8c54fda63c5cf3f	common_voice_ba_43397684.mp3	1773a7aa3306d142d57d3e22414eed21653c203453baeb3807cf3e467003a230	Хәҙер үсем!		1	0					ba	
fa0fdeecf1c5328233b72216b19acdc320aa056bffde926412f6b15a3ad7d146bb2b066acc6a8b4d77a6ec76dc3513069af4a4e2d86a4bd2c8c54fda63c5cf3f	common_voice_ba_43397685.mp3	1658c2ff680ca600b41d9ee0a0f1e359d36d7ef1f9669d9b3773c3c6f186090a	Был йәһәттән аңлатмалы һүҙлектең ҡиммәте һәм баһаһы әйтеп бөтөргөһөҙ.		1	0					ba	
fa0fdeecf1c5328233b72216b19acdc320aa056bffde926412f6b15a3ad7d146bb2b066acc6a8b4d77a6ec76dc3513069af4a4e2d86a4bd2c8c54fda63c5cf3f	common_voice_ba_43397686.mp3	15b2456f7c788097cea939df2b5f1f12be05cff30e5d394f7d32b9f83d3b5087	Мин бойорғанды яратмайым!		1	0					ba	
fa0fdeecf1c5328233b72216b19acdc320aa056bffde926412f6b15a3ad7d146bb2b066acc6a8b4d77a6ec76dc3513069af4a4e2d86a4bd2c8c54fda63c5cf3f	common_voice_ba_43397687.mp3	176380a7c98a015e8d1c37f885a842ca101e00c4c4c6e482ebfb32fc77e6c6d5	Синдбад төрлө-төрлө ағастар, сәскәләр үҫкән, һайрар ҡоштар менән тулы утрауға эләккән була.		1	0					ba	
fa0fdeecf1c5328233b72216b19acdc320aa056bffde926412f6b15a3ad7d146bb2b066acc6a8b4d77a6ec76dc3513069af4a4e2d86a4bd2c8c54fda63c5cf3f	common_voice_ba_43397697.mp3	1748b2b916286fb800ef6b78626435c95d6d82c8ed928dd0d858ede833c8de4f	Дөрөҫ, Шәрифулла!		1	0					ba	
fa0fdeecf1c5328233b72216b19acdc320aa056bffde926412f6b15a3ad7d146bb2b066acc6a8b4d77a6ec76dc3513069af4a4e2d86a4bd2c8c54fda63c5cf3f	common_voice_ba_43397698.mp3	13cf1bdbbffa7d212a780fc79406eb48fa498ad1c3ab34236dfc4de20f60f2e0	Әгәр икенсе шаршауҙа ошолай аҡырып ултырһа!..		0	0					ba	
fa0fdeecf1c5328233b72216b19acdc320aa056bffde926412f6b15a3ad7d146bb2b066acc6a8b4d77a6ec76dc3513069af4a4e2d86a4bd2c8c54fda63c5cf3f	common_voice_ba_43397699.mp3	138f66866b206e5b8dc51bb83ed7a3cd2bec6c721ef61545521c7490068493f3	Тәбиғи байлыҡты сығарыу мастеры Илгиз Байрамғолов ине ул, ә хужаны күрергә насип булманы.		1	0					ba	
fa0fdeecf1c5328233b72216b19acdc320aa056bffde926412f6b15a3ad7d146bb2b066acc6a8b4d77a6ec76dc3513069af4a4e2d86a4bd2c8c54fda63c5cf3f	common_voice_ba_43397700.mp3	15f322f997d739aa92a01b9612b70c6e5820cd20f5823d45f223a2a2afb74dc3	Тоҫҡама шул тиклем!		0	0					ba	
fa0fdeecf1c5328233b72216b19acdc320aa056bffde926412f6b15a3ad7d146bb2b066acc6a8b4d77a6ec76dc3513069af4a4e2d86a4bd2c8c54fda63c5cf3f	common_voice_ba_43397746.mp3	17e370774c18c498c11054d9d1bb102b576d9aa5399ac81a50a5900b548a452c	Улайһа, туй ҙа булмай!		0	0					ba	
fa0fdeecf1c5328233b72216b19acdc320aa056bffde926412f6b15a3ad7d146bb2b066acc6a8b4d77a6ec76dc3513069af4a4e2d86a4bd2c8c54fda63c5cf3f	common_voice_ba_43397747.mp3	17e323787b4e072430fb9b47f7941f9695d9ccc57eec9bc8c35bdadeb4960179	Ул ваҡыттан алып бик күп саралар — туйҙар, юбилейҙар, осрашыуҙар, концерттар ойоштора.		1	0					ba	
fa0fdeecf1c5328233b72216b19acdc320aa056bffde926412f6b15a3ad7d146bb2b066acc6a8b4d77a6ec76dc3513069af4a4e2d86a4bd2c8c54fda63c5cf3f	common_voice_ba_43397748.mp3	17d6eadd7934fe8682b50d357d4516ce0faee8a2aaa43d08c3363a46d4fa812e	Төшөп ҡалыр ваҡыты еткәс, минең кеүек ҡашһыҙҙар менән кешесә һөйләшә.		1	0					ba	
fa0fdeecf1c5328233b72216b19acdc320aa056bffde926412f6b15a3ad7d146bb2b066acc6a8b4d77a6ec76dc3513069af4a4e2d86a4bd2c8c54fda63c5cf3f	common_voice_ba_43397750.mp3	15f8b72d1e9f250032e62fd878076eaa34b7bf409bed6230e85c0d93d710ebec	Вәт, ысын көйәрмән, исмаһам!		0	0					ba	
fa0fdeecf1c5328233b72216b19acdc320aa056bffde926412f6b15a3ad7d146bb2b066acc6a8b4d77a6ec76dc3513069af4a4e2d86a4bd2c8c54fda63c5cf3f	common_voice_ba_43397765.mp3	17d9ed9ea486c50da6a1292c10a6d33b6a83d787de28eafba1245dc618032888	Мөмкин тиклем һуңыраҡ.		1	0					ba	
fa0fdeecf1c5328233b72216b19acdc320aa056bffde926412f6b15a3ad7d146bb2b066acc6a8b4d77a6ec76dc3513069af4a4e2d86a4bd2c8c54fda63c5cf3f	common_voice_ba_43397766.mp3	16bd922a2d9859c49e6fc3d1b5dbea4dcbce0ff54dd3d96227e7449fe66b08c0	Өйрәтеү тигәндән, Низам Ҡәрипов — булдыҡлы кешеләргә ҡарата үтә иғтибарлы зат.		1	0					ba	
fa0fdeecf1c5328233b72216b19acdc320aa056bffde926412f6b15a3ad7d146bb2b066acc6a8b4d77a6ec76dc3513069af4a4e2d86a4bd2c8c54fda63c5cf3f	common_voice_ba_43397767.mp3	17e8e2aa24f2bec919ac165789bffca6f5e5df52baa262f0c7bde4242d116302	Атаман үҙен үҙе ҡыҫып ҡосаҡланы ла:		0	0					ba	
fa0fdeecf1c5328233b72216b19acdc320aa056bffde926412f6b15a3ad7d146bb2b066acc6a8b4d77a6ec76dc3513069af4a4e2d86a4bd2c8c54fda63c5cf3f	common_voice_ba_43397768.mp3	17eb09fe1841596dd978f59dc1f071ad7cd412220345bb71ab7cbe437d09719e	Был көндә беҙгә Абҙаҡта мөғжизәле ағасты ла күрергә насип булды.		0	0					ba	
fa0fdeecf1c5328233b72216b19acdc320aa056bffde926412f6b15a3ad7d146bb2b066acc6a8b4d77a6ec76dc3513069af4a4e2d86a4bd2c8c54fda63c5cf3f	common_voice_ba_43397769.mp3	17d07a7141b5fd9a18d1d6683e7a4942ea0ae13b229dd597f7da432eb9c7b9a1	Юҡ, ҡыҫылам!		1	0					ba	
fa0fdeecf1c5328233b72216b19acdc320aa056bffde926412f6b15a3ad7d146bb2b066acc6a8b4d77a6ec76dc3513069af4a4e2d86a4bd2c8c54fda63c5cf3f	common_voice_ba_43404133.mp3	13f3fb0a9d565c11ec797207ffa27058ec1828f38ff74a572954881099df099d	«Нишләп бензинға хаҡ арта?»		1	0					ba	
fa0fdeecf1c5328233b72216b19acdc320aa056bffde926412f6b15a3ad7d146bb2b066acc6a8b4d77a6ec76dc3513069af4a4e2d86a4bd2c8c54fda63c5cf3f	common_voice_ba_43404134.mp3	173532971cf05b49975a3473d6e7cf618defce3a7938d01e9b517b1e7bf1ed10	Һуңғы көндә автоуҙышта ҡатнашыусыларҙы бигерәк тә ҡыҙыҡлы, иҫтәлекле урындар көтә ине.		0	0					ba	
fa0fdeecf1c5328233b72216b19acdc320aa056bffde926412f6b15a3ad7d146bb2b066acc6a8b4d77a6ec76dc3513069af4a4e2d86a4bd2c8c54fda63c5cf3f	common_voice_ba_43404135.mp3	12d5d088440441aabf4a0cbb1a9a687a7c34198d0407928afba77cb270d64612	Республикаға немец делегацияһы, эшлекле даирә вәкилдәре йыш килә.		0	0					ba	
fa0fdeecf1c5328233b72216b19acdc320aa056bffde926412f6b15a3ad7d146bb2b066acc6a8b4d77a6ec76dc3513069af4a4e2d86a4bd2c8c54fda63c5cf3f	common_voice_ba_43404136.mp3	16b285670956db6a16da63940e17290f31f20cafe8e8e5a42c3c1230adcce77d	Үҙең тап Фәниәгә эш Өфөлә.		1	0					ba	
fa0fdeecf1c5328233b72216b19acdc320aa056bffde926412f6b15a3ad7d146bb2b066acc6a8b4d77a6ec76dc3513069af4a4e2d86a4bd2c8c54fda63c5cf3f	common_voice_ba_43404137.mp3	1722522380e53c890b6d5d41aa8f7c1c3a0873de993787a602fb916d89da1445	Йәнем һөймәй иҫерек бисәләрҙе!		1	0					ba	
fa0fdeecf1c5328233b72216b19acdc320aa056bffde926412f6b15a3ad7d146bb2b066acc6a8b4d77a6ec76dc3513069af4a4e2d86a4bd2c8c54fda63c5cf3f	common_voice_ba_43404143.mp3	16e61929aac219910caca4bc9f85240711695cda2dbad69add95618e2dd138c3	Ә һеҙ ҡайҙа күргәнегеҙ бар шундай процент менән иҫәп асҡандарын?		0	0					ba	
fa0fdeecf1c5328233b72216b19acdc320aa056bffde926412f6b15a3ad7d146bb2b066acc6a8b4d77a6ec76dc3513069af4a4e2d86a4bd2c8c54fda63c5cf3f	common_voice_ba_43404144.mp3	172f21e0f6cefb2050ac24276612540ad2273e147884df859e3bbe2fb841ea70	Өйҙән Ҡотлобай сыға.		1	0					ba	
fa0fdeecf1c5328233b72216b19acdc320aa056bffde926412f6b15a3ad7d146bb2b066acc6a8b4d77a6ec76dc3513069af4a4e2d86a4bd2c8c54fda63c5cf3f	common_voice_ba_43404145.mp3	16876bd8f7666d9d7d9b05cce63398ed1d3529faed4e64075c6ba207baac0e7f	Мин төнөн туалет эҙләп йөрөй алмайым.		1	0					ba	
fa0fdeecf1c5328233b72216b19acdc320aa056bffde926412f6b15a3ad7d146bb2b066acc6a8b4d77a6ec76dc3513069af4a4e2d86a4bd2c8c54fda63c5cf3f	common_voice_ba_43404146.mp3	17c373b8fdc3d9164cf78d89dc65d79b5782b1c18fc9bbfda9a5b2b613fc43fe	Хәҙер үк аҫылын!		1	0					ba	
fa0fdeecf1c5328233b72216b19acdc320aa056bffde926412f6b15a3ad7d146bb2b066acc6a8b4d77a6ec76dc3513069af4a4e2d86a4bd2c8c54fda63c5cf3f	common_voice_ba_43404147.mp3	14c256e40953ca0acb22b18a0c936c360d0016b8eb9f762cf0b4f1b96b428923	— Һин духтырҙан былайыраҡ, һин үлгәндәрҙе терелтеүсе.		0	1					ba	
fa0fdeecf1c5328233b72216b19acdc320aa056bffde926412f6b15a3ad7d146bb2b066acc6a8b4d77a6ec76dc3513069af4a4e2d86a4bd2c8c54fda63c5cf3f	common_voice_ba_43404510.mp3	15a222fc80622bdaea652028c8a12e1893e1f94d150bbc1c88f98a8e361dab2d	Шул ваҡыт минең эргәлә ултырған Фәнис тә һүҙгә ҡушылды:		1	0					ba	
fa0fdeecf1c5328233b72216b19acdc320aa056bffde926412f6b15a3ad7d146bb2b066acc6a8b4d77a6ec76dc3513069af4a4e2d86a4bd2c8c54fda63c5cf3f	common_voice_ba_43404511.mp3	0eef8ae420fca86f4b3f60e040ff69a1bca05469101251ccd02172f44aea9911	Мин дә әсәйемдең һүҙҙәрен ҡолағыма киртеп ҡуйҙым.		1	0					ba	
fa0fdeecf1c5328233b72216b19acdc320aa056bffde926412f6b15a3ad7d146bb2b066acc6a8b4d77a6ec76dc3513069af4a4e2d86a4bd2c8c54fda63c5cf3f	common_voice_ba_43404512.mp3	160c501e05ec8bf976314c6a1f62e2cf0e4e369659a85cb4a8427abec75c4295	Биопломба иһә, нервыны үлтермәй генә, өҫтөнә һалына.		0	0					ba	
fa0fdeecf1c5328233b72216b19acdc320aa056bffde926412f6b15a3ad7d146bb2b066acc6a8b4d77a6ec76dc3513069af4a4e2d86a4bd2c8c54fda63c5cf3f	common_voice_ba_43404513.mp3	163f51f5fe8d44bf21e2910e233ad4fa3f4eaa929800beb955f0381dd945f9dd	Эйе, һис шикһеҙ, быйыл шәкәр сөгөлдөрө уңып ҡыуандырҙы.		1	0					ba	
fa0fdeecf1c5328233b72216b19acdc320aa056bffde926412f6b15a3ad7d146bb2b066acc6a8b4d77a6ec76dc3513069af4a4e2d86a4bd2c8c54fda63c5cf3f	common_voice_ba_43404514.mp3	137d64ed05e220c1ceebaad73679707c803c078e0d2c302ad532b814f2a0352a	Был ижади ынтылыштың киләсәктә тағы ла киңерәк йәйелеүенә өмөт бағларға ғына ҡала.		1	0					ba	
fa0fdeecf1c5328233b72216b19acdc320aa056bffde926412f6b15a3ad7d146bb2b066acc6a8b4d77a6ec76dc3513069af4a4e2d86a4bd2c8c54fda63c5cf3f	common_voice_ba_43404520.mp3	11a36b084082db45028ed145b5621dad0349b9ea03be84165c423de04afc7871	Үлмәгән әле!		1	0					ba	
fa0fdeecf1c5328233b72216b19acdc320aa056bffde926412f6b15a3ad7d146bb2b066acc6a8b4d77a6ec76dc3513069af4a4e2d86a4bd2c8c54fda63c5cf3f	common_voice_ba_43404521.mp3	13b68246d6fe8df472aa701cfb9d6aac0c36a19c159503571d44215090ab89e0	Ой, ҡалай еңел асыла!		0	0					ba	
fa0fdeecf1c5328233b72216b19acdc320aa056bffde926412f6b15a3ad7d146bb2b066acc6a8b4d77a6ec76dc3513069af4a4e2d86a4bd2c8c54fda63c5cf3f	common_voice_ba_43404522.mp3	126f0fbab9ade38322f69a575120351b59c16cdfecfada0ec1833cb3291b9529	Унда нимә генә юҡ: емеш-еләк үҫә, кейек, ҡош-ҡорт үрсей, шишмәләр урғылып сыға.		0	0					ba	
fa0fdeecf1c5328233b72216b19acdc320aa056bffde926412f6b15a3ad7d146bb2b066acc6a8b4d77a6ec76dc3513069af4a4e2d86a4bd2c8c54fda63c5cf3f	common_voice_ba_43404523.mp3	178dafac99289923fd3b4a4e3e6b20c0b06a544ee2f96dcfb2c0ea1b90e6f3c4	Китермен инде һеҙҙе ҡалдырып.		0	0					ba	
fa0fdeecf1c5328233b72216b19acdc320aa056bffde926412f6b15a3ad7d146bb2b066acc6a8b4d77a6ec76dc3513069af4a4e2d86a4bd2c8c54fda63c5cf3f	common_voice_ba_43404524.mp3	15411a0f25450da3d9c0c21fe161f95e21c3a7ceaaafa534aa63bdc9e4385e3a	...Шул егет киткән яҡҡа ҡарап торам.		0	0					ba	
fa0fdeecf1c5328233b72216b19acdc320aa056bffde926412f6b15a3ad7d146bb2b066acc6a8b4d77a6ec76dc3513069af4a4e2d86a4bd2c8c54fda63c5cf3f	common_voice_ba_43404540.mp3	1730a40e48d59684468fd54f41ec43b75def6949f01f61a653d960008d1c09ed	Уларҙың көрәше арҡаһында, ҡандары бәрәбәренә беҙ бөгөн иркен йәшәп ятабыҙ Уралда.		0	0					ba	
fa0fdeecf1c5328233b72216b19acdc320aa056bffde926412f6b15a3ad7d146bb2b066acc6a8b4d77a6ec76dc3513069af4a4e2d86a4bd2c8c54fda63c5cf3f	common_voice_ba_43404541.mp3	17afa1da5c2f4341e0f825df0a704b13316633c70c1f76138a94cd0f68211a8c	Яҡын арала Шишмә — Языково — Саҡмағош автомобиль юлын капиталь ремонтлау бурысы тора.		0	0					ba	
fa0fdeecf1c5328233b72216b19acdc320aa056bffde926412f6b15a3ad7d146bb2b066acc6a8b4d77a6ec76dc3513069af4a4e2d86a4bd2c8c54fda63c5cf3f	common_voice_ba_43404542.mp3	17f2fc794fe52833f0b5e8a67e9c3bc99d0b9d64e1275a3d9369f8d2092158a4	Муйыл, еләк менән ана Рәсүл һыйлай үҙемде.		1	0					ba	
fa0fdeecf1c5328233b72216b19acdc320aa056bffde926412f6b15a3ad7d146bb2b066acc6a8b4d77a6ec76dc3513069af4a4e2d86a4bd2c8c54fda63c5cf3f	common_voice_ba_43404543.mp3	15f33677fbd49b0ded608e695c243fe4d923e73677bc8fd2668350e9f1d30b42	Күп милләтле Башҡортостан тотороҡло үҫеш кисергән тыныс республика булараҡ билдәле.		1	0					ba	
fa0fdeecf1c5328233b72216b19acdc320aa056bffde926412f6b15a3ad7d146bb2b066acc6a8b4d77a6ec76dc3513069af4a4e2d86a4bd2c8c54fda63c5cf3f	common_voice_ba_43404544.mp3	177a1e324df6117edf2d13db626c2b6ea800d317b011a97e524358e981f77d96	Акула тотҡан кешеләр иһә үҙ табыштарын диңгеҙ ҡултығының икенсе яғындағы акула эшкәртеү заводына тапшыра.		0	0					ba	
